id,target
c0f722661,0.07872647047042847
f0953f0a5,0.03480542078614235
0df072751,-0.18008095026016235
04caf4e0c,-2.183346748352051
0e63f8bea,-1.8323395252227783
12537fe78,-0.8119245171546936
965e592c0,0.6288370490074158
